Country Name,Country Code,Series Name,2011,2012,2013,2014,2015,2016,2017,2018,2019,2020
Afghanistan,AFG,Annual deforestation (% of change) - (for online table only),0,0,0,0,0,0,0,0,0,0
Afghanistan,AFG,Forest area (% of land area),1.850994088,1.850994088,1.850994088,1.850994088,1.850994088,1.850994088,1.850994088,1.850994088,1.850994088,1.850994088
Albania,ALB,Annual deforestation (% of change) - (for online table only),0,0,0,0,-0.019039555,0,0,0,0,0
Albania,ALB,Forest area (% of land area),28.59465328,28.64660584,28.69855839,28.75051095,28.8024635,28.80218978,28.79206204,28.7919708,28.7919708,28.7919708
Algeria,DZA,Annual deforestation (% of change) - (for online table only),0,0,0,0,-1.437634892,0,0,0,0,0
Algeria,DZA,Forest area (% of land area),0.808484553,0.811675498,0.814866442,0.818057387,0.821247986,0.821247986,0.815789794,0.810331602,0.81411035,0.81830896
American Samoa,ASM,Annual deforestation (% of change) - (for online table only),0,0,0,0,0.190895548,0,0,0,0,0
American Samoa,ASM,Forest area (% of land area),87,86.85,86.7,86.55,86.4,86.25,86.1,85.95,85.8,85.65
Andorra,AND,Annual deforestation (% of change) - (for online table only),0,0,0,0,0,0,0,0,0,0
Andorra,AND,Forest area (% of land area),34.04255319,34.04255319,34.04255319,34.04255319,34.04255319,34.04255319,34.04255319,34.04255319,34.04255319,34.04255319
Angola,AGO,Annual deforestation (% of change) - (for online table only),0,0,0,0,0.212066537,0,0,0,0,0
Angola,AGO,Forest area (% of land area),57.4339761,56.9887511,56.54352611,56.09830111,55.65307612,55.20784471,54.76262934,54.31740595,53.87217454,53.42695115
Antigua and Barbuda,ATG,Annual deforestation (% of change) - (for online table only),0,0,0,0,0.134594056,0,0,0,0,0
Antigua and Barbuda,ATG,Forest area (% of land area),19.80454545,19.65454545,19.50454545,19.35454545,19.20454545,19.04545455,18.90909091,18.75,18.59090909,18.45454545
Arab World,ARB,Annual deforestation (% of change) - (for online table only),0,0,0,0,1.498731306,0,0,0,0,0
Arab World,ARB,Forest area (% of land area),2.97909048,2.960547902,2.942050711,2.923542713,2.905073453,2.887458066,2.868050195,2.848500463,2.830678707,2.812928807
Argentina,ARG,Annual deforestation (% of change) - (for online table only),0,0,0,0,1.070066088,0,0,0,0,0
Argentina,ARG,Forest area (% of land area),10.9587129,10.87708144,10.79544998,10.71381852,10.63218706,10.60039683,10.55983688,10.52037315,10.48017861,10.44071488
Armenia,ARM,Annual deforestation (% of change) - (for online table only),0,0,0,0,0.020048131,0,0,0,0,0
Armenia,ARM,Forest area (% of land area),11.60351247,11.59620653,11.5889006,11.58159466,11.57428872,11.56691254,11.55953635,11.55216017,11.54478398,11.5374078
Aruba,ABW,Annual deforestation (% of change) - (for online table only),0,0,0,0,0,0,0,0,0,0
Aruba,ABW,Forest area (% of land area),2.333333333,2.333333333,2.333333333,2.333333333,2.333333333,2.333333333,2.333333333,2.333333333,2.333333333,2.333333333
Australia,AUS,Annual deforestation (% of change) - (for online table only),0,0,0,0,0.214831143,0,0,0,0,0
Australia,AUS,Forest area (% of land area),16.95531026,17.04768884,17.14006743,17.23244601,17.3248246,17.42548771,17.42291362,17.42131456,17.42131456,17.42131456
Austria,AUT,Annual deforestation (% of change) - (for online table only),0,0,0,0,-0.053645572,0,0,0,0,0
Austria,AUT,Forest area (% of land area),46.83564879,46.88320372,46.93986502,46.98801546,47.03332525,47.07695104,47.12045565,47.16396025,47.20746486,47.25096946
Azerbaijan,AZE,Annual deforestation (% of change) - (for online table only),0,0,0,0,-1.800666964,0,0,0,0,0
Azerbaijan,AZE,Forest area (% of land area),12.60099567,12.71082654,12.82050351,12.92970858,13.03953365,13.15441152,13.27314606,13.41392976,13.55336705,13.69286423
"Bahamas, The",BHS,Annual deforestation (% of change) - (for online table only),0,0,0,0,0,0,0,0,0,0
"Bahamas, The",BHS,Forest area (% of land area),50.93506494,50.93506494,50.93506494,50.93506494,50.93506494,50.93506494,50.93506494,50.93506494,50.93506494,50.93506494
Bahrain,BHR,Annual deforestation (% of change) - (for online table only),0,0,0,0,-3.275340396,0,0,0,0,0
Bahrain,BHR,Forest area (% of land area),0.698826597,0.716883117,0.737662338,0.757457847,0.771208226,0.795892169,0.820512821,0.846153846,0.871794872,0.897435897
Bangladesh,BGD,Annual deforestation (% of change) - (for online table only),0,0,0,0,0.179345858,0,0,0,0,0
Bangladesh,BGD,Forest area (% of land area),14.4991442,14.49155105,14.4839579,14.47636475,14.46877161,14.46877161,14.46877161,14.46877161,14.46877161,14.46877161
Barbados,BRB,Annual deforestation (% of change) - (for online table only),0,0,0,0,0,0,0,0,0,0
Barbados,BRB,Forest area (% of land area),14.65116279,14.65116279,14.65116279,14.65116279,14.65116279,14.65116279,14.65116279,14.65116279,14.65116279,14.65116279
Belarus,BLR,Annual deforestation (% of change) - (for online table only),0,0,0,0,-0.284756561,0,0,0,0,0
Belarus,BLR,Forest area (% of land area),42.53462126,42.53807107,42.54194019,42.53176531,42.53416626,42.90696987,42.97797921,43.05153217,43.12296778,43.19440339
Belgium,BEL,Annual deforestation (% of change) - (for online table only),0,0,0,0,-0.159063838,0,0,0,0,0
Belgium,BEL,Forest area (% of land area),22.77926024,22.77549538,22.77173052,22.76796565,22.76420079,22.76420079,22.76420079,22.76420079,22.76420079,22.76420079
Belize,BLZ,Annual deforestation (% of change) - (for online table only),0,0,0,0,0.438041204,0,0,0,0,0
Belize,BLZ,Forest area (% of land area),60.48566418,59.97220517,59.45874616,58.94528715,58.43182815,57.94300745,57.45374836,56.96492766,56.47566857,55.98640947
Benin,BEN,Annual deforestation (% of change) - (for online table only),0,0,0,0,1.063598011,0,0,0,0,0
Benin,BEN,Forest area (% of land area),31.79451933,31.35109968,30.90768003,30.46426038,30.02084072,29.57742107,29.13400142,28.69058177,28.24716211,27.80374246
Bermuda,BMU,Annual deforestation (% of change) - (for online table only),0,0,0,0,0,0,0,0,0,0
Bermuda,BMU,Forest area (% of land area),18.51851852,18.51851852,18.51851852,18.51851852,18.51851852,18.51851852,18.51851852,18.51851852,18.51851852,18.51851852
Bhutan,BTN,Annual deforestation (% of change) - (for online table only),0,0,0,0,-0.371190915,0,0,0,0,0
Bhutan,BTN,Forest area (% of land area),71.02521185,71.0771047,71.12899756,71.18089042,71.23278327,71.23427013,71.28617869,71.34556896,71.39748296,71.44939696
Bolivia,BOL,Annual deforestation (% of change) - (for online table only),0,0,0,0,0.616935994,0,0,0,0,0
Bolivia,BOL,Forest area (% of land area),48.80850365,48.61302871,48.41755377,48.22207883,48.0266039,47.77132835,47.53274255,47.31213884,47.10953568,46.92491461
Bosnia and Herzegovina,BIH,Annual deforestation (% of change) - (for online table only),0,0,0,0,0,0,0,0,0,0
Bosnia and Herzegovina,BIH,Forest area (% of land area),41.29351563,41.51945313,41.74539063,41.97132813,42.19726563,42.50996094,42.73261719,42.73261719,42.73261719,42.73261719
Botswana,BWA,Annual deforestation (% of change) - (for online table only),0,0,0,0,0.963869614,0,0,0,0,0
Botswana,BWA,Forest area (% of land area),28.79572283,28.58698146,28.37824008,28.1694987,27.96075733,27.75201595,27.54327458,27.3345332,27.12579182,26.91705045
Brazil,BRA,Annual deforestation (% of change) - (for online table only),0,0,0,0,0.363842871,0,0,0,0,0
Brazil,BRA,Forest area (% of land area),61.02332816,60.83917474,60.65502133,60.47086792,60.28671451,60.07103255,59.83288148,59.70842795,59.55852618,59.41747805
British Virgin Islands,VGB,Annual deforestation (% of change) - (for online table only),0,0,0,0,0.091409105,0,0,0,0,0
British Virgin Islands,VGB,Forest area (% of land area),24.24,24.21333333,24.18666667,24.16,24.13333333,24.13333333,24.13333333,24.13333333,24.13333333,24.13333333
Brunei Darussalam,BRN,Annual deforestation (% of change) - (for online table only),0,0,0,0,0.291341627,0,0,0,0,0
Brunei Darussalam,BRN,Forest area (% of land area),72.10626186,72.10626186,72.10626186,72.10626186,72.10626186,72.10626186,72.10626186,72.10626186,72.10626186,72.10626186
Bulgaria,BGR,Annual deforestation (% of change) - (for online table only),0,0,0,0,-0.834396043,0,0,0,0,0
Bulgaria,BGR,Forest area (% of land area),34.60022108,34.7770818,34.95394252,35.13080324,35.30766396,35.38135593,35.50110538,35.62085483,35.74060427,35.86035372
Burkina Faso,BFA,Annual deforestation (% of change) - (for online table only),0,0,0,0,1.029100493,0,0,0,0,0
Burkina Faso,BFA,Forest area (% of land area),24.36578947,24.18296784,24.0001462,23.81732456,23.63450292,23.45175439,23.26900585,23.08625731,22.90350877,22.72076023
Burundi,BDI,Annual deforestation (% of change) - (for online table only),0,0,0,0,-2.238921479,0,0,0,0,0
Burundi,BDI,Forest area (% of land area),8.219626168,8.887071651,9.554517134,10.22196262,10.8894081,10.8894081,10.8894081,10.8894081,10.8894081,10.8894081
Cabo Verde,CPV,Annual deforestation (% of change) - (for online table only),0,0,0,0,-0.607717389,0,0,0,0,0
Cabo Verde,CPV,Forest area (% of land area),10.67493797,10.74937965,10.82382134,10.89826303,10.97270471,11.0471464,11.12158809,11.19602978,11.27047146,11.34491315
Cambodia,KHM,Annual deforestation (% of change) - (for online table only),0,0,0,0,1.321746184,0,0,0,0,0
Cambodia,KHM,Forest area (% of land area),58.01466123,56.04048266,54.0663041,52.09212554,50.11794697,49.2359506,48.35395423,47.47195785,46.58996148,45.7079651
Cameroon,CMR,Annual deforestation (% of change) - (for online table only),0,0,0,0,1.071509706,0,0,0,0,0
Cameroon,CMR,Forest area (% of land area),44.0957035,43.97723763,43.85877176,43.7403059,43.62184003,43.50337416,43.38490829,43.26644243,43.14797656,43.02951069
Canada,CAN,Annual deforestation (% of change) - (for online table only),0,0,0,0,0.014063977,0,0,0,0,0
Canada,CAN,Forest area (% of land area),38.73486407,38.73025757,38.72565107,38.72104457,38.71643807,38.71201338,38.7078876,38.70376294,38.69963717,38.69551251
Caribbean small states,CSS,Annual deforestation (% of change) - (for online table only),0,0,0,0,0.049530711,0,0,0,0,0
Caribbean small states,CSS,Forest area (% of land area),90.46069408,90.38726442,90.31383475,90.24040509,90.16697542,90.09704829,90.03712486,89.96502408,89.8928245,89.82072372
Cayman Islands,CYM,Annual deforestation (% of change) - (for online table only),0,0,0,0,0,0,0,0,0,0
Cayman Islands,CYM,Forest area (% of land area),53,53,53,53,53,53,53,53.375,53,53
Central African Republic,CAF,Annual deforestation (% of change) - (for online table only),0,0,0,0,0.069972113,0,0,0,0,0
Central African Republic,CAF,Forest area (% of land area),36.23390799,36.18575235,36.13759671,36.08944107,36.04128543,35.9931298,35.94497416,35.89681852,35.84866288,35.80050724
Central Europe and the Baltics,CEB,Annual deforestation (% of change) - (for online table only),0,0,0,0,-0.333095645,0,0,0,0,0
Central Europe and the Baltics,CEB,Forest area (% of land area),33.86482193,34.00228098,34.10068837,34.19174244,34.32355844,34.37746888,34.43279075,34.46348908,34.49213499,34.51987695
Chad,TCD,Annual deforestation (% of change) - (for online table only),0,0,0,0,1.721988154,0,0,0,0,0
Chad,TCD,Forest area (% of land area),4.290025413,4.188373571,4.086721728,3.985069886,3.883418043,3.787325286,3.693614994,3.601493011,3.511753494,3.425190597
Channel Islands,CHI,Annual deforestation (% of change) - (for online table only),0,0,0,0,0,0,0,0,0,0
Channel Islands,CHI,Forest area (% of land area),5.151515152,5.151515152,5.151515152,5.151515152,5.151515152,5.151515152,5.151515152,5.151515152,0,0
Chile,CHL,Annual deforestation (% of change) - (for online table only),0,0,0,0,-0.758734321,0,0,0,0,0
Chile,CHL,Forest area (% of land area),22.72857658,22.96281532,23.19705406,23.4312928,23.66553154,23.83086404,23.99619653,24.16152903,24.32686152,24.49215367
China,CHN,Annual deforestation (% of change) - (for online table only),0,0,0,0,-1.092114113,0,0,0,0,0
China,CHN,Forest area (% of land area),21.49109623,21.69659602,21.90209487,22.10759465,22.31309418,22.5428773,22.74231029,22.94173538,23.14116554,23.3405957
Colombia,COL,Annual deforestation (% of change) - (for online table only),0,0,0,0,0.364810438,0,0,0,0,0
Colombia,COL,Forest area (% of land area),54.68514105,54.56380171,54.44246237,54.32112303,54.19978369,54.04190176,53.84386661,53.66424516,53.48463272,53.30501127
Comoros,COM,Annual deforestation (% of change) - (for online table only),0,0,0,0,1.296486111,0,0,0,0,0
Comoros,COM,Forest area (% of land area),19.80763031,19.57227297,19.33691564,19.1015583,18.86620097,18.62976894,18.39333692,18.16227834,17.92584632,17.68941429
"Congo, Dem. Rep.",COD,Annual deforestation (% of change) - (for online table only),0,0,0,0,0.200828706,0,0,0,0,0
"Congo, Dem. Rep.",COD,Forest area (% of land area),60.01968373,59.53386471,59.0480457,58.56222668,58.07640767,57.59058689,57.10477052,56.61894974,56.13312896,55.64731259
"Congo, Rep.",COG,Annual deforestation (% of change) - (for online table only),0,0,0,0,0.065917764,0,0,0,0,0
"Congo, Rep.",COG,Forest area (% of land area),64.60614934,64.57101025,64.53587116,64.50073206,64.46559297,64.43045388,64.39531479,64.35139092,64.30746706,64.26354319
Costa Rica,CRI,Annual deforestation (% of change) - (for online table only),0,0,0,0,-0.993987237,0,0,0,0,0
Costa Rica,CRI,Forest area (% of land area),56.55240893,56.8729338,57.19345868,57.51398355,57.83450842,58.15511163,58.47571485,58.79612221,59.11672542,59.43732863
Cote d'Ivoire,CIV,Annual deforestation (% of change) - (for online table only),0,0,0,0,-0.046966371,0,0,0,0,0
Cote d'Ivoire,CIV,Forest area (% of land area),12.11538994,11.76040252,11.40541509,11.05042767,10.69544025,10.34044025,9.985440252,9.630440252,9.275471698,8.920471698
Croatia,HRV,Annual deforestation (% of change) - (for online table only),0,0,0,0,-0.129673935,0,0,0,0,0
Croatia,HRV,Forest area (% of land area),34.31736955,34.32451751,34.33166548,33.95652942,33.96359781,34.00106379,34.13338752,34.17759321,34.22177063,34.26594805
Cuba,CUB,Annual deforestation (% of change) - (for online table only),0,0,0,0,-1.838048285,0,0,0,0,0
Cuba,CUB,Forest area (% of land area),27.90863068,28.43720991,29.58357321,30.12497597,30.58597502,31.1514802,31.23314066,31.23314066,31.23314066,31.23314066
Curacao,CUW,Annual deforestation (% of change) - (for online table only),0,0,0,0,0,0,0,0,0,0
Curacao,CUW,Forest area (% of land area),0.157657658,0.157657658,0.157657658,0.157657658,0.157657658,0.157657658,0.157657658,0.157657658,0.157657658,0.157657658
Cyprus,CYP,Annual deforestation (% of change) - (for online table only),0,0,0,0,-0.042219075,0,0,0,0,0
Cyprus,CYP,Forest area (% of land area),18.70281385,18.7,18.69718615,18.69437229,18.69155844,18.68073593,18.67857143,18.67640693,18.67424242,18.67207792
Czech Republic,CZE,Annual deforestation (% of change) - (for online table only),0,0,0,0,-0.07544403,0,0,0,0,0
Czech Republic,CZE,Forest area (% of land area),34.43270326,34.46567396,34.4986532,34.52716913,34.5601606,34.57459207,34.60251263,34.63044041,34.65388601,34.67733161
Denmark,DNK,Annual deforestation (% of change) - (for online table only),0,0,0,0,-0.297727955,0,0,0,0,0
Denmark,DNK,Forest area (% of land area),14.00254537,15.04415,15.2351,15.42605,15.617,15.6165,15.64,15.664,15.6875,15.711
Djibouti,DJI,Annual deforestation (% of change) - (for online table only),0,0,0,0,0,0,0,0,0,0
Djibouti,DJI,Forest area (% of land area),0.241587575,0.241587575,0.241587575,0.241587575,0.241587575,0.241587575,0.242018982,0.243313201,0.245901639,0.250215703
Dominica,DMA,Annual deforestation (% of change) - (for online table only),0,0,0,0,0.586931509,0,0,0,0,0
Dominica,DMA,Forest area (% of land area),63.82666667,63.82666667,63.82666667,63.82666667,63.82666667,63.82666667,63.82666667,63.82666667,63.82666667,63.82666667
Dominican Republic,DOM,Annual deforestation (% of change) - (for online table only),0,0,0,0,-1.942104195,0,0,0,0,0
Dominican Republic,DOM,Forest area (% of land area),43.03924653,43.16563858,43.29203064,43.41842269,43.54481474,43.71227489,43.87973504,44.0471952,44.21465535,44.3821155
Ecuador,ECU,Annual deforestation (% of change) - (for online table only),0,0,0,0,0.597891007,0,0,0,0,0
Ecuador,ECU,Forest area (% of land area),52.28856499,52.12025286,51.95194073,51.7836286,51.61531648,51.3565389,51.09776131,50.83898373,50.58020615,50.32142857
"Egypt, Arab Rep.",EGY,Annual deforestation (% of change) - (for online table only),0,0,0,0,-1.429602437,0,0,0,0,0
"Egypt, Arab Rep.",EGY,Forest area (% of land area),0.062480285,0.059020543,0.055560802,0.05210106,0.048641318,0.045185594,0.045185594,0.045185594,0.045185594,0.045185594
El Salvador,SLV,Annual deforestation (% of change) - (for online table only),0,0,0,0,1.491466745,0,0,0,0,0
El Salvador,SLV,Forest area (% of land area),30.13416988,29.91698842,29.69980695,29.48262548,29.26544402,29.04826255,28.83108108,28.61389961,28.39671815,28.17953668
Equatorial Guinea,GNQ,Annual deforestation (% of change) - (for online table only),0,0,0,0,0.702897006,0,0,0,0,0
Equatorial Guinea,GNQ,Forest area (% of land area),89.96976827,89.67180036,89.37383244,89.07586453,88.77789661,88.4798574,88.18181818,87.88377897,87.58573975,87.28770053
Eritrea,ERI,Annual deforestation (% of change) - (for online table only),0,0,0,0,0.284795955,0,0,0,0,0
Eritrea,ERI,Forest area (% of land area),10.72970297,10.69841584,10.66712871,10.63584158,10.60455446,10.57326733,10.5419802,10.51069307,10.47940594,10.44811881
Estonia,EST,Annual deforestation (% of change) - (for online table only),0,0,0,0,0.03276937,0,0,0,0,0
Estonia,EST,Forest area (% of land area),55.50879925,55.90979004,54.91175523,55.30278353,55.69381182,55.69933287,56.09385783,56.09385783,56.09385783,56.09385783
Eswatini,SWZ,Annual deforestation (% of change) - (for online table only),0,0,0,0,-0.82568713,0,0,0,0,0
Eswatini,SWZ,Forest area (% of land area),28.29325581,28.36383721,28.4344186,28.505,28.5755814,28.64651163,28.71686047,28.7872093,28.85755814,28.92790698
Ethiopia,ETH,Annual deforestation (% of change) - (for online table only),0,0,0,0,0.61219897,0,0,0,0,0
Ethiopia,ETH,Forest area (% of land area),15.69728395,15.63261905,15.56793063,15.50310992,15.43780939,15.37274233,15.30842662,15.24350842,15.17886663,15.11422483
Euro area,EMU,Annual deforestation (% of change) - (for online table only),0,0,0,0,-0.312135061,0,0,0,0,0
Euro area,EMU,Forest area (% of land area),38.08415339,38.1621392,38.22433934,38.30731285,38.39784134,38.45212739,38.51986001,38.5251932,38.5825437,38.63952141
European Union,EUU,Annual deforestation (% of change) - (for online table only),0,0,0,0,-0.268266747,0,0,0,0,0
European Union,EUU,Forest area (% of land area),39.24614145,39.38070518,39.44940723,39.51893313,39.60720739,39.65653743,39.7104992,39.72052633,39.76619064,39.81160243
Faroe Islands,FRO,Annual deforestation (% of change) - (for online table only),0,0,0,0,0,0,0,0,0,0
Faroe Islands,FRO,Forest area (% of land area),0.05730659,0.05730659,0.05730659,0.05730659,0.05730659,0.05730659,0.05730659,0.05730659,0.05730659,0.05730659
Fiji,FJI,Annual deforestation (% of change) - (for online table only),0,0,0,0,-0.2456852,0,0,0,0,0
Fiji,FJI,Forest area (% of land area),59.10870279,59.47411056,59.83951834,60.20492611,60.57033388,60.93596059,61.3015873,61.66721401,62.03284072,62.39846743
Finland,FIN,Annual deforestation (% of change) - (for online table only),0,0,0,0,0.067744384,0,0,0,0,0
Finland,FIN,Forest area (% of land area),73.30086544,73.41077364,73.52068183,73.63059002,73.73564542,73.73564542,73.73321927,73.73321927,73.73321927,73.73321927
France,FRA,Annual deforestation (% of change) - (for online table only),0,0,0,0,-0.705359089,0,0,0,0,0
France,FRA,Forest area (% of land area),30.13823218,30.29054509,30.442858,30.59517091,30.74748382,30.89979673,31.05210964,31.20442255,31.35673546,31.50904837
French Polynesia,PYF,Annual deforestation (% of change) - (for online table only),0,0,0,0,-2.630432701,0,0,0,0,0
French Polynesia,PYF,Forest area (% of land area),40.83606557,40.83606557,40.83606557,40.83606557,40.83606557,40.83606557,40.83606557,42.46022727,42.46022727,42.46022727
Gabon,GAB,Annual deforestation (% of change) - (for online table only),0,0,0,0,-0.29678462,0,0,0,0,0
Gabon,GAB,Forest area (% of land area),91.73566189,91.68954865,91.6434354,91.59732216,91.55120891,91.50510343,91.45899794,91.41289246,91.36678698,91.32068149
"Gambia, The",GMB,Annual deforestation (% of change) - (for online table only),0,0,0,0,-0.380169905,0,0,0,0,0
"Gambia, The",GMB,Forest area (% of land area),29.07786561,28.51146245,27.94505929,27.37865613,26.81225296,26.24505929,25.67885375,25.11264822,24.54545455,23.97924901
Georgia,GEO,Annual deforestation (% of change) - (for online table only),0,0,0,0,-0.147705907,0,0,0,0,0
Georgia,GEO,Forest area (% of land area),40.61591596,40.61591596,40.61591596,40.61591596,40.61591596,40.61591596,40.61591596,40.61591596,40.61591596,40.61591596
Germany,DEU,Annual deforestation (% of change) - (for online table only),0,0,0,0,-0.038064109,0,0,0,0,0
Germany,DEU,Forest area (% of land area),32.73754877,32.74516555,32.71898647,32.72284322,32.73232815,32.68548202,32.68454647,32.68361097,32.68361097,32.68361097
Ghana,GHA,Annual deforestation (% of change) - (for online table only),0,0,0,0,-0.313309791,0,0,0,0,0
Ghana,GHA,Forest area (% of land area),34.85291377,34.79798717,34.74306056,34.68813395,34.63320735,34.81691131,35.00061528,35.03234596,35.06407665,35.09585128
Gibraltar,GIB,Annual deforestation (% of change) - (for online table only),0,0,0,0,0,0,0,0,0,0
Gibraltar,GIB,Forest area (% of land area),0,0,0,0,0,0,0,0,0,0
Greece,GRC,Annual deforestation (% of change) - (for online table only),0,0,0,0,-0.793078091,0,0,0,0,0
Greece,GRC,Forest area (% of land area),30.27,30.27,30.27,30.27,30.27,30.26997673,30.26997673,30.26997673,30.26997673,30.26997673
Greenland,GRL,Annual deforestation (% of change) - (for online table only),0,0,0,0,0,0,0,0,0,0
Greenland,GRL,Forest area (% of land area),0.000535997,0.000535997,0.000535997,0.000535997,0.000535997,0.000535997,0.000535997,0.000535997,0.000535997,0.000535997
Grenada,GRD,Annual deforestation (% of change) - (for online table only),0,0,0,0,0,0,0,0,0,0
Grenada,GRD,Forest area (% of land area),52.05882353,52.05882353,52.05882353,52.05882353,52.05882353,52.05882353,52.05882353,52.05882353,52.05882353,52.05882353
Guam,GUM,Annual deforestation (% of change) - (for online table only),0,0,0,0,0,0,0,0,0,0
Guam,GUM,Forest area (% of land area),44.81481481,45.18518519,45.55555556,45.92592593,46.2962963,51.85185185,51.85185185,51.85185185,51.85185185,51.85185185
Guatemala,GTM,Annual deforestation (% of change) - (for online table only),0,0,0,0,1.145790236,0,0,0,0,0
Guatemala,GTM,Forest area (% of land area),34.48338932,34.22807018,33.97275103,33.71743188,33.46211273,33.35386338,33.24561404,33.13736469,33.02911534,32.92086599
Guinea,GIN,Annual deforestation (% of change) - (for online table only),0,0,0,0,0.541487597,0,0,0,0,0
Guinea,GIN,Forest area (% of land area),26.58717239,26.44066417,26.29415595,26.14764773,26.00113951,25.8383526,25.67556568,25.51277877,25.34999186,25.18720495
Guinea-Bissau,GNB,Annual deforestation (% of change) - (for online table only),0,0,0,0,0.481290285,0,0,0,0,0
Guinea-Bissau,GNB,Forest area (% of land area),73.11472262,72.81443812,72.51415363,72.21386913,71.91358464,71.61344239,71.31330014,71.01315789,70.71301565,70.4128734
Guyana,GUY,Annual deforestation (% of change) - (for online table only),0,0,0,0,0.038607351,0,0,0,0,0
Guyana,GUY,Forest area (% of land area),94.02143764,93.96205232,93.90266701,93.84328169,93.78389637,93.73716027,93.69037338,93.64363729,93.59685039,93.5501143
Haiti,HTI,Annual deforestation (% of change) - (for online table only),0,0,0,0,0.77456403,0,0,0,0,0
Haiti,HTI,Forest area (% of land area),13.61661829,13.50391872,13.39121916,13.27851959,13.16582003,13.05297533,12.94013062,12.82728592,12.71444122,12.60159652
Honduras,HND,Annual deforestation (% of change) - (for online table only),0,0,0,0,2.180747253,0,0,0,0,0
Honduras,HND,Forest area (% of land area),58.56771829,58.36816516,58.16861203,57.9690589,57.76950576,57.58378765,57.39663956,57.20940209,57.02216463,56.83492716
"Hong Kong SAR, China",HKG,Annual deforestation (% of change) - (for online table only),0,0,0,0,0,0,0,0,0,0
"Hong Kong SAR, China",HKG,Forest area (% of land area),0,0,0,0,0,0,0,0,0,0
Hungary,HUN,Annual deforestation (% of change) - (for online table only),0,0,0,0,-0.509988937,0,0,0,0,0
Hungary,HUN,Forest area (% of land area),22.63642991,22.66830885,22.70018778,22.55023011,22.58185404,22.55895244,22.5429542,22.5281613,22.51227263,22.49627438
IBRD only,IBD,Annual deforestation (% of change) - (for online table only),0,0,0,0,0.021847844,0,0,0,0,0
IBRD only,IBD,Forest area (% of land area),34.15915171,34.13378215,34.10842334,34.08275162,34.05592647,34.01794344,33.977203,33.96078584,33.94212653,33.9250508
Iceland,ISL,Annual deforestation (% of change) - (for online table only),0,0,0,0,-3.634615633,0,0,0,0,0
Iceland,ISL,Forest area (% of land area),0.452548628,0.459511222,0.466473815,0.473436409,0.480399002,0.485386534,0.492568579,0.496280869,0.502727363,0.509273034
India,IND,Annual deforestation (% of change) - (for online table only),0,0,0,0,-0.520158833,0,0,0,0,0
India,IND,Forest area (% of land area),23.46382169,23.55342242,23.64302315,23.73262388,23.82222461,23.91182535,24.00142608,24.09102681,24.18062754,24.27022827
Indonesia,IDN,Annual deforestation (% of change) - (for online table only),0,0,0,0,0.586760214,0,0,0,0,0
Indonesia,IDN,Forest area (% of land area),54.50131102,53.99000867,53.47870632,52.96740396,52.45610161,50.74345453,50.03933382,49.71681778,49.39429641,49.07178037
"Iran, Islamic Rep.",IRN,Annual deforestation (% of change) - (for online table only),0,0,0,0,-0.915661344,0,0,0,0,0
"Iran, Islamic Rep.",IRN,Forest area (% of land area),6.564490778,6.564490778,6.564490778,6.564490778,6.564490778,6.570691815,6.575916648,6.586010216,6.596103784,6.601261082
Iraq,IRQ,Annual deforestation (% of change) - (for online table only),0,0,0,0,-0.056823136,0,0,0,0,0
Iraq,IRQ,Forest area (% of land area),1.89952109,1.89952109,1.900361184,1.900361184,1.900361184,1.900361184,1.900361184,1.900361184,1.900361184,1.900361184
Ireland,IRL,Annual deforestation (% of change) - (for online table only),0,0,0,0,-1.152407215,0,0,0,0,0
Ireland,IRL,Forest area (% of land area),10.55651038,10.65606039,10.75561039,10.8551604,10.95471041,11.06619248,11.17752939,11.23559297,11.29365655,11.35172013
Isle of Man,IMN,Annual deforestation (% of change) - (for online table only),0,0,0,0,0,0,0,0,0,0
Isle of Man,IMN,Forest area (% of land area),6.070175439,6.070175439,6.070175439,6.070175439,6.070175439,6.070175439,6.070175439,6.070175439,6.070175439,6.070175439
Israel,ISR,Annual deforestation (% of change) - (for online table only),0,0,0,0,-0.504652788,0,0,0,0,0
Israel,ISR,Forest area (% of land area),7.218114603,7.319778189,7.421441774,7.52310536,7.624768946,6.469500924,6.469500924,6.469500924,6.469500924,6.469500924
Italy,ITA,Annual deforestation (% of change) - (for online table only),0,0,0,0,-0.703512198,0,0,0,0,0
Italy,ITA,Forest area (% of land area),30.87593663,31.05886993,31.24180322,31.42473652,31.60766982,31.79060991,31.97355001,31.76875021,31.94948443,32.13021865
Jamaica,JAM,Annual deforestation (% of change) - (for online table only),0,0,0,0,0.112348912,0,0,0,0,0
Jamaica,JAM,Forest area (% of land area),51.91615882,52.26722068,52.61828255,52.96934441,53.32040628,53.67867036,54.0378578,54.39704524,54.75530933,55.11449677
Japan,JPN,Annual deforestation (% of change) - (for online table only),0,0,0,0,-0.021941933,0,0,0,0,0
Japan,JPN,Forest area (% of land area),68.48175583,68.4696845,68.45761317,68.44554184,68.43347051,68.42249657,68.40877915,68.40877915,68.40877915,68.40877915
Jordan,JOR,Annual deforestation (% of change) - (for online table only),0,0,0,0,0,0,0,0,0,0
Jordan,JOR,Forest area (% of land area),1.09822032,1.09822032,1.09822032,1.09822032,1.09822032,1.09822032,1.09822032,1.09822032,1.09822032,1.09822032
Kazakhstan,KAZ,Annual deforestation (% of change) - (for online table only),0,0,0,0,0.111816999,0,0,0,0,0
Kazakhstan,KAZ,Forest area (% of land area),1.158437938,1.175201022,1.191964107,1.208727229,1.22549031,1.236326258,1.247160796,1.257992073,1.268822462,1.279653295
Kenya,KEN,Annual deforestation (% of change) - (for online table only),0,0,0,0,-1.447964481,0,0,0,0,0
Kenya,KEN,Forest area (% of land area),6.321035246,6.28802755,6.255019855,6.222012159,6.189004463,6.240942475,6.292880486,6.344818498,6.344818498,6.344818498
Kiribati,KIR,Annual deforestation (% of change) - (for online table only),0,0,0,0,0,0,0,0,0,0
Kiribati,KIR,Forest area (% of land area),1.456790123,1.456790123,1.456790123,1.456790123,1.456790123,1.456790123,1.456790123,1.456790123,1.456790123,1.456790123
"Korea, Dem. People's Rep.",PRK,Annual deforestation (% of change) - (for online table only),0,0,0,0,2.115136139,0,0,0,0,0
"Korea, Dem. People's Rep.",PRK,Forest area (% of land area),51.66647288,51.49015862,51.31384437,51.13753011,50.96121585,50.78490159,50.60858733,50.43227307,50.25595881,50.07964455
"Korea, Rep.",KOR,Annual deforestation (% of change) - (for online table only),0,0,0,0,0.111123171,0,0,0,0,0
"Korea, Rep.",KOR,Forest area (% of land area),65.61374627,65.43006885,65.24952271,65.1442061,65.03155626,64.87911457,64.78309917,64.67391304,64.57136998,64.46882691
Kosovo,XKX,Annual deforestation (% of change) - (for online table only),0,0,0,0,0,0,0,0,0,0
Kosovo,XKX,Forest area (% of land area),0,0,0,0,0,0,0,0,0,0
Kuwait,KWT,Annual deforestation (% of change) - (for online table only),0,0,0,0,-1.705058025,0,0,0,0,0
Kuwait,KWT,Forest area (% of land area),0.350729517,0.350729517,0.350729517,0.350729517,0.350729517,0.350729517,0.350729517,0.350729517,0.350729517,0.350729517
Kyrgyz Republic,KGZ,Annual deforestation (% of change) - (for online table only),0,0,0,0,1.968265229,0,0,0,0,0
Kyrgyz Republic,KGZ,Forest area (% of land area),6.434337852,6.457413973,6.480490094,6.503566215,6.526642336,6.549739312,6.572806152,6.667883212,6.762982273,6.858081335
Lao PDR,LAO,Annual deforestation (% of change) - (for online table only),0,0,0,0,-0.849372253,0,0,0,0,0
Lao PDR,LAO,Forest area (% of land area),73.24956672,73.10008666,72.95060659,72.80112652,72.65164645,72.50216638,72.35268631,72.20320624,72.05372617,71.9042461
Latvia,LVA,Annual deforestation (% of change) - (for online table only),0,0,0,0,-0.23272281,0,0,0,0,0
Latvia,LVA,Forest area (% of land area),54.2762701,54.35587005,54.40926194,54.51522369,54.58619025,54.65727624,54.72838512,54.80834273,54.87067161,54.93300048
Lebanon,LBN,Annual deforestation (% of change) - (for online table only),0,0,0,0,-0.313630726,0,0,0,0,0
Lebanon,LBN,Forest area (% of land area),13.48445748,13.5427175,13.60097752,13.65923754,13.71749756,13.77614858,13.83479961,13.89345064,13.95210166,14.01075269
Lesotho,LSO,Annual deforestation (% of change) - (for online table only),0,0,0,0,-1.032969875,0,0,0,0,0
Lesotho,LSO,Forest area (% of land area),1.137022398,1.137022398,1.137022398,1.137022398,1.137022398,1.137022398,1.137022398,1.137022398,1.137022398,1.137022398
Liberia,LBR,Annual deforestation (% of change) - (for online table only),0,0,0,0,0.679473592,0,0,0,0,0
Liberia,LBR,Forest area (% of land area),81.91216777,81.59800664,81.28384551,80.96968439,80.65552326,80.34136213,80.027201,79.71303987,79.39887874,79.08471761
Libya,LBY,Annual deforestation (% of change) - (for online table only),0,0,0,0,0,0,0,0,0,0
Libya,LBY,Forest area (% of land area),0.123327688,0.123327688,0.123327688,0.123327688,0.123327688,0.123327688,0.123327688,0.123327688,0.123327688,0.123327688
Liechtenstein,LIE,Annual deforestation (% of change) - (for online table only),0,0,0,0,0,0,0,0,0,0
Liechtenstein,LIE,Forest area (% of land area),41.87125,41.871875,41.873125,41.87375,41.875,41.875,41.875,41.875,41.875,41.875
Lithuania,LTU,Annual deforestation (% of change) - (for online table only),0,0,0,0,-0.509475873,0,0,0,0,0
Lithuania,LTU,Forest area (% of land area),34.67785685,34.73210582,34.78579976,34.85395052,34.90822027,34.96056959,35.05691161,35.0950024,35.12693597,35.14290276
Luxembourg,LUX,Annual deforestation (% of change) - (for online table only),0,0,0,0,0,0,0,0,0,0
Luxembourg,LUX,Forest area (% of land area),36.50205761,36.50205761,36.50205761,36.50205761,36.50205761,36.50205761,36.50205761,36.50205761,36.50205761,36.50205761
"Macao SAR, China",MAC,Annual deforestation (% of change) - (for online table only),0,0,0,0,0,0,0,0,0,0
"Macao SAR, China",MAC,Forest area (% of land area),0,0,0,0,0,0,0,0,0,0
Madagascar,MDG,Annual deforestation (% of change) - (for online table only),0,0,0,0,0.287258068,0,0,0,0,0
Madagascar,MDG,Forest area (% of land area),21.56904408,21.54632474,21.52342042,21.50070127,21.47798212,21.45527673,21.43255414,21.40983156,21.38712616,21.36440358
Malawi,MWI,Annual deforestation (% of change) - (for online table only),0,0,0,0,0.831690744,0,0,0,0,0
Malawi,MWI,Forest area (% of land area),27.78638099,27.34089945,26.8954179,26.44993636,26.00445482,25.55897327,25.11349173,24.66801018,24.22252864,23.77704709
Malaysia,MYS,Annual deforestation (% of change) - (for online table only),0,0,0,0,-0.184105781,0,0,0,0,0
Malaysia,MYS,Forest area (% of land area),57.98497641,58.29943083,58.61388525,58.92833967,59.2427941,58.78752093,58.63488054,58.48224015,58.32959976,58.17695937
Maldives,MDV,Annual deforestation (% of change) - (for online table only),0,0,0,0,0,0,0,0,0,0
Maldives,MDV,Forest area (% of land area),2.733333333,2.733333333,2.733333333,2.733333333,2.733333333,2.733333333,2.733333333,2.733333333,2.733333333,2.733333333
Mali,MLI,Annual deforestation (% of change) - (for online table only),0,0,0,0,1.483574528,0,0,0,0,0
Mali,MLI,Forest area (% of land area),10.89666363,10.89666363,10.89666363,10.89666363,10.89666363,10.89666363,10.89666363,10.89666363,10.89666363,10.89666363
Malta,MLT,Annual deforestation (% of change) - (for online table only),0,0,0,0,0,0,0,0,0,0
Malta,MLT,Forest area (% of land area),1.09375,1.09375,1.09375,1.09375,1.09375,1.1875,1.3125,1.4375,1.4375,1.4375
Marshall Islands,MHL,Annual deforestation (% of change) - (for online table only),0,0,0,0,0,0,0,0,0,0
Marshall Islands,MHL,Forest area (% of land area),52.22222222,52.22222222,52.22222222,52.22222222,52.22222222,52.22222222,52.22222222,52.22222222,52.22222222,52.22222222
Mauritania,MRT,Annual deforestation (% of change) - (for online table only),0,0,0,0,2.273921449,0,0,0,0,0
Mauritania,MRT,Forest area (% of land area),0.351023576,0.34574561,0.340467643,0.335189677,0.32991171,0.324633744,0.319394586,0.314058407,0.308819249,0.30348307
Mauritius,MUS,Annual deforestation (% of change) - (for online table only),0,0,0,0,0.545397614,0,0,0,0,0
Mauritius,MUS,Forest area (% of land area),18.90246305,18.89359606,18.88472906,18.87586207,18.86699507,18.86206897,19.03940887,19.0591133,19.07881773,19.09852217
Mexico,MEX,Annual deforestation (% of change) - (for online table only),0,0,0,0,0.180684526,0,0,0,0,0
Mexico,MEX,Forest area (% of land area),34.37373904,34.3107333,34.24772757,34.18472183,34.12171609,34.05599424,33.99026724,33.92454024,33.85881839,33.79309139
"Micronesia, Fed. Sts.",FSM,Annual deforestation (% of change) - (for online table only),0,0,0,0,-0.04267425,0,0,0,0,0
"Micronesia, Fed. Sts.",FSM,Forest area (% of land area),91.65428571,91.69428571,91.73428571,91.77428571,91.81428571,91.85714286,91.9,91.94285714,91.98571429,92.02857143
Moldova,MDA,Annual deforestation (% of change) - (for online table only),0,0,0,0,-1.56526824,0,0,0,0,0
Moldova,MDA,Forest area (% of land area),11.47275495,11.54169203,11.60705596,11.67944039,11.75182482,11.75486618,11.75129219,11.75297169,11.75297169,11.75297169
Monaco,MCO,Annual deforestation (% of change) - (for online table only),0,0,0,0,0,0,0,0,0,0
Monaco,MCO,Forest area (% of land area),0,0,0,0,0,0,0,0,0,0
Mongolia,MNG,Annual deforestation (% of change) - (for online table only),0,0,0,0,-0.460409774,0,0,0,0,0
Mongolia,MNG,Forest area (% of land area),9.129216767,9.128499704,9.127782641,9.127065578,9.104691498,9.103978705,9.103265913,9.102555458,9.101842665,9.101129873
Montenegro,MNE,Annual deforestation (% of change) - (for online table only),0,0,0,0,-1.873699678,0,0,0,0,0
Montenegro,MNE,Forest area (% of land area),61.48698885,61.48698885,61.48698885,61.48698885,61.48698885,61.48698885,61.48698885,61.48698885,61.48698885,61.48698885
Morocco,MAR,Annual deforestation (% of change) - (for online table only),0,0,0,0,-0.806082742,0,0,0,0,0
Morocco,MAR,Forest area (% of land area),12.7192337,12.72376877,12.72830383,12.7328389,12.73737396,12.77120771,12.79764732,12.82005378,12.84358055,12.86688326
Mozambique,MOZ,Annual deforestation (% of change) - (for online table only),0,0,0,0,0.54610995,0,0,0,0,0
Mozambique,MOZ,Forest area (% of land area),49.2964114,49.03390727,48.77140314,48.50889901,48.24639487,47.8500089,47.56809685,47.33610723,47.00794781,46.72519647
Myanmar,MMR,Annual deforestation (% of change) - (for online table only),0,0,0,0,1.211671938,0,0,0,0,0
Myanmar,MMR,Forest area (% of land area),47.68370555,47.25036515,46.81182091,46.36821216,45.92460342,45.48099773,45.05739978,44.61359702,44.16979427,43.72599151
Namibia,NAM,Annual deforestation (% of change) - (for online table only),0,0,0,0,0.989487454,0,0,0,0,0
Namibia,NAM,Forest area (% of land area),8.84011952,8.753870447,8.667621373,8.581372299,8.495123225,8.408871722,8.322620219,8.236368716,8.150117213,8.06386571
Nauru,NRU,Annual deforestation (% of change) - (for online table only),0,0,0,0,0,0,0,0,0,0
Nauru,NRU,Forest area (% of land area),0,0,0,0,0,0,0,0,0,0
Nepal,NPL,Annual deforestation (% of change) - (for online table only),0,0,0,0,0.466192446,0,0,0,0,0
Nepal,NPL,Forest area (% of land area),41.59072201,41.59072201,41.59072201,41.59072201,41.59072201,41.59072201,41.59072201,41.59072201,41.59072201,41.59072201
Netherlands,NLD,Annual deforestation (% of change) - (for online table only),0,0,0,0,-0.290321365,0,0,0,0,0
Netherlands,NLD,Forest area (% of land area),11.02461447,10.97330961,10.93173048,10.88037993,10.83546184,10.86308286,10.89100089,10.91862192,10.94653995,10.97416097
New Caledonia,NCL,Annual deforestation (% of change) - (for online table only),0,0,0,0,0,0,0,0,0,0
New Caledonia,NCL,Forest area (% of land area),45.89277899,45.88730853,45.88183807,45.87636761,45.87089716,45.8654267,45.85995624,45.85448578,45.84901532,45.84354486
New Zealand,NZL,Annual deforestation (% of change) - (for online table only),0,0,0,0,-0.008542741,0,0,0,0,0
New Zealand,NZL,Forest area (% of land area),37.40009115,37.39894421,37.39779727,37.39665034,37.3955034,37.39603509,37.41160609,37.42793665,37.46731989,37.57012647
Nicaragua,NIC,Annual deforestation (% of change) - (for online table only),0,0,0,0,1.342707068,0,0,0,0,0
Nicaragua,NIC,Forest area (% of land area),34.33626392,33.86988532,33.40350673,32.93712814,32.47074954,31.63977065,30.80879176,29.97781286,29.14683397,28.31585508
Niger,NER,Annual deforestation (% of change) - (for online table only),0,0,0,0,1.000910149,0,0,0,0,0
Niger,NER,Forest area (% of land area),0.940617352,0.930812347,0.921007342,0.911202337,0.901397332,0.891592327,0.881787321,0.871982316,0.862177311,0.852372306
Nigeria,NGA,Annual deforestation (% of change) - (for online table only),0,0,0,0,4.116365321,0,0,0,0,0
Nigeria,NGA,Forest area (% of land area),25.3595024,25.18019698,25.00089155,24.82158613,24.64228071,24.46297956,24.28368304,24.1043842,23.92508537,23.74578653
Northern Mariana Islands,MNP,Annual deforestation (% of change) - (for online table only),0,0,0,0,0.532542654,0,0,0,0,0
Northern Mariana Islands,MNP,Forest area (% of land area),65.55217391,65.19130435,64.83043478,64.46956522,64.10869565,52.95652174,52.95652174,52.95652174,52.95652174,52.95652174
Norway,NOR,Annual deforestation (% of change) - (for online table only),0,0,0,0,0.000550394,0,0,0,0,0
Norway,NOR,Forest area (% of land area),33.15537011,33.1767257,33.2090866,33.23181086,33.24564399,33.27109973,33.29453727,33.31727872,33.33864227,33.36000582
OECD members,OED,Annual deforestation (% of change) - (for online table only),0,0,0,0,-0.053085795,0,0,0,0,0
OECD members,OED,Forest area (% of land area),32.59941907,32.63889839,32.67248823,32.70677942,32.74209151,32.757799,32.75104762,32.75005678,32.7534272,32.75721044
Oman,OMN,Annual deforestation (% of change) - (for online table only),0,0,0,0,0,0,0,0,0,0
Oman,OMN,Forest area (% of land area),0.009693053,0.009693053,0.009693053,0.009693053,0.009693053,0.00904685,0.008723748,0.008400646,0.008077544,0.008077544
Other small states,OSS,Annual deforestation (% of change) - (for online table only),0,0,0,0,0.242507305,0,0,0,0,0
Other small states,OSS,Forest area (% of land area),29.67781534,29.57681065,29.46018187,29.36099434,29.25998043,29.15030438,29.04982761,28.93225396,28.8230417,28.71385896
Pakistan,PAK,Annual deforestation (% of change) - (for online table only),0,0,0,0,2.390337806,0,0,0,0,0
Pakistan,PAK,Forest area (% of land area),5.268659195,5.226855023,5.185050851,5.143246679,5.101442507,5.017953508,4.99418846,4.940561436,4.886934413,4.833307389
Palau,PLW,Annual deforestation (% of change) - (for online table only),0,0,0,0,-0.118569624,0,0,0,0,0
Palau,PLW,Forest area (% of land area),88.36086957,88.54782609,88.73478261,88.92173913,89.10869565,89.30434783,89.47826087,89.67391304,89.84782609,90.02173913
Panama,PAN,Annual deforestation (% of change) - (for online table only),0,0,0,0,0.350933367,0,0,0,0,0
Panama,PAN,Forest area (% of land area),58.06529459,57.91172989,57.75816519,57.77558014,57.62155963,57.46762008,57.3135456,57.11568276,56.96172668,56.80790542
Papua New Guinea,PNG,Annual deforestation (% of change) - (for online table only),0,0,0,0,0.008139557,0,0,0,0,0
Papua New Guinea,PNG,Forest area (% of land area),79.82156163,79.7533443,79.68512697,79.61690986,79.54869249,79.47241973,79.39837919,79.32433865,79.25029811,79.17625756
Paraguay,PRY,Annual deforestation (% of change) - (for online table only),0,0,0,0,1.549649114,0,0,0,0,0
Paraguay,PRY,Forest area (% of land area),48.21534357,47.17267053,46.12999748,45.08732444,44.0446514,43.62730934,42.63848477,41.93538887,41.23231815,40.52922225
Peru,PER,Annual deforestation (% of change) - (for online table only),0,0,0,0,0.192917148,0,0,0,0,0
Peru,PER,Forest area (% of land area),57.71777031,57.58413438,57.45049844,57.3168625,57.18322656,57.03928125,56.90217188,56.77815625,56.643125,56.50810156
Philippines,PHL,Annual deforestation (% of change) - (for online table only),0,0,0,0,-0.901837005,0,0,0,0,0
Philippines,PHL,Forest area (% of land area),23.0559949,23.17299527,23.28999564,23.40699601,23.52399638,23.64101016,23.75802395,23.87500419,23.99201798,24.10903176
Poland,POL,Annual deforestation (% of change) - (for online table only),0,0,0,0,-0.27148412,0,0,0,0,0
Poland,POL,Forest area (% of land area),30.52346276,30.58389393,30.64432906,30.70577093,30.76521114,30.81420033,30.85339168,30.89460104,30.93379495,30.97298886
Portugal,PRT,Annual deforestation (% of change) - (for online table only),0,0,0,0,0.328517048,0,0,0,0,0
Portugal,PRT,Forest area (% of land area),35.63707828,35.76809695,35.8931589,36.02399853,36.15499489,36.15499489,36.15499489,36.15499489,36.15499489,36.15499489
Puerto Rico,PRI,Annual deforestation (% of change) - (for online table only),0,0,0,0,-0.648946945,0,0,0,0,0
Puerto Rico,PRI,Forest area (% of land area),55.46065389,55.51544532,55.57023675,55.62502818,55.67981962,55.73506201,55.7903044,55.84554679,55.90078918,55.95603157
Qatar,QAT,Annual deforestation (% of change) - (for online table only),0,0,0,0,0,0,0,0,0,0
Qatar,QAT,Forest area (% of land area),0,0,0,0,0,0,0,0,0,0
Romania,ROU,Annual deforestation (% of change) - (for online table only),0,0,0,0,-0.500460641,0,0,0,0,0
Romania,ROU,Forest area (% of land area),28.64053526,28.99480045,29.32911359,29.65824061,29.99374131,30.11582928,30.11582928,30.11582928,30.11582928,30.11582928
Russian Federation,RUS,Annual deforestation (% of change) - (for online table only),0,0,0,0,-0.046491339,0,0,0,0,0
Russian Federation,RUS,Forest area (% of land area),49.77108397,49.76857873,49.76607349,49.76356825,49.76106301,49.77269955,49.78433608,49.78433608,49.78433608,49.78433608
Rwanda,RWA,Annual deforestation (% of change) - (for online table only),0,0,0,0,-2.245809966,0,0,0,0,0
Rwanda,RWA,Forest area (% of land area),10.78232671,10.82286178,10.86339684,10.9039319,10.94446696,11.02553709,11.06607215,11.10660722,11.14714228,11.18767734
Samoa,WSM,Annual deforestation (% of change) - (for online table only),0,0,0,0,0,0,0,0,0,0
Samoa,WSM,Forest area (% of land area),58.65936396,58.48833922,58.31731449,58.14628975,57.97526502,57.80565371,57.6360424,57.4664311,57.29681979,57.12720848
San Marino,SMR,Annual deforestation (% of change) - (for online table only),0,0,0,0,0,0,0,0,0,0
San Marino,SMR,Forest area (% of land area),16.66666667,16.66666667,16.66666667,16.66666667,16.66666667,16.66666667,16.66666667,16.66666667,16.66666667,16.66666667
Sao Tome and Principe,STP,Annual deforestation (% of change) - (for online table only),0,0,0,0,0.291591528,0,0,0,0,0
Sao Tome and Principe,STP,Forest area (% of land area),59.875,59.22916667,58.58333333,57.9375,57.29166667,56.64583333,56,55.35416667,54.70833333,54.0625
Saudi Arabia,SAU,Annual deforestation (% of change) - (for online table only),0,0,0,0,0,0,0,0,0,0
Saudi Arabia,SAU,Forest area (% of land area),0.454484135,0.454484135,0.454484135,0.454484135,0.454484135,0.454484135,0.454484135,0.454484135,0.454484135,0.454484135
Senegal,SEN,Annual deforestation (% of change) - (for online table only),0,0,0,0,0.484352095,0,0,0,0,0
Senegal,SEN,Forest area (% of land area),43.77582714,43.56806731,43.36030748,43.15254765,42.94478783,42.737028,42.52926817,42.32150834,42.11374851,41.90598868
Serbia,SRB,Annual deforestation (% of change) - (for online table only),0,0,0,0,-0.628550644,0,0,0,0,0
Serbia,SRB,Forest area (% of land area),31.03482735,31.04975989,31.06469243,31.07962497,31.09455751,31.10198948,31.12119826,31.12279899,31.12531443,31.13023096
Seychelles,SYC,Annual deforestation (% of change) - (for online table only),0,0,0,0,0,0,0,0,0,0
Seychelles,SYC,Forest area (% of land area),73.26086957,73.26086957,73.26086957,73.26086957,73.26086957,73.26086957,73.26086957,73.26086957,73.26086957,73.26086957
Sierra Leone,SLE,Annual deforestation (% of change) - (for online table only),0,0,0,0,-0.273066327,0,0,0,0,0
Sierra Leone,SLE,Forest area (% of land area),37.57874758,37.30545858,37.03216958,36.75888058,36.48559158,36.21224716,35.93890274,35.66555833,35.39221391,35.11886949
Singapore,SGP,Annual deforestation (% of change) - (for online table only),0,0,0,0,0,0,0,0,0,0
Singapore,SGP,Forest area (% of land area),24.83892045,24.40906516,24.0155587,23.58984485,23.23187588,22.9696756,22.72214386,22.46826516,22.21438646,21.96050776
Sint Maarten (Dutch part),SXM,Annual deforestation (% of change) - (for online table only),0,0,0,0,0,0,0,0,0,0
Sint Maarten (Dutch part),SXM,Forest area (% of land area),10.88235294,10.88235294,10.88235294,10.88235294,10.88235294,10.88235294,10.88235294,10.88235294,10.88235294,10.88235294
Slovak Republic,SVK,Annual deforestation (% of change) - (for online table only),0,0,0,0,-0.065635459,0,0,0,0,0
Slovak Republic,SVK,Forest area (% of land area),39.8993096,39.91528032,39.93125104,39.95386855,39.96817936,40.00353577,40.05615641,40.05615641,40.05615641,40.05615641
Slovenia,SVN,Annual deforestation (% of change) - (for online table only),0,0,0,0,-0.08064614,0,0,0,0,0
Slovenia,SVN,Forest area (% of land area),61.90807108,61.91892066,61.94637537,61.95630586,61.95823776,61.85929898,61.7699783,61.67438072,61.57307165,61.47225919
Small states,SST,Annual deforestation (% of change) - (for online table only),0,0,0,0,0.160525747,0,0,0,0,0
Small states,SST,Forest area (% of land area),40.49717032,40.40544245,40.29635346,40.20662697,40.11487064,40.01655901,39.92745391,39.81998784,39.72211772,39.62396919
Solomon Islands,SLB,Annual deforestation (% of change) - (for online table only),0,0,0,0,0.248241751,0,0,0,0,0
Solomon Islands,SLB,Forest area (% of land area),90.37327617,90.34712397,90.32097178,90.29481958,90.26866738,90.24258664,90.21650589,90.19042515,90.16434441,90.13826367
Somalia,SOM,Annual deforestation (% of change) - (for online table only),0,0,0,0,1.103209903,0,0,0,0,0
Somalia,SOM,Forest area (% of land area),10.63338859,10.51104664,10.38870469,10.26636274,10.14402079,10.02167883,9.899336883,9.776994931,9.654652979,9.532311028
South Africa,ZAF,Annual deforestation (% of change) - (for online table only),0,0,0,0,0,0,0,0,0,0
South Africa,ZAF,Forest area (% of land area),14.32514488,14.29513886,14.26513284,14.23512682,14.20512081,14.17511479,14.14510877,14.11510275,14.08509674,14.05509072
South Sudan,SSD,Annual deforestation (% of change) - (for online table only),0,0,0,0,0,0,0,0,0,0
South Sudan,SSD,Forest area (% of land area),11.32475396,11.32483829,11.32485529,11.32513374,11.32513372,11.32535085,11.32536917,11.32565515,11.32565515,11.32565515
Spain,ESP,Annual deforestation (% of change) - (for online table only),0,0,0,0,-0.544580386,0,0,0,0,0
Spain,ESP,Forest area (% of land area),37.10192046,37.07977849,37.08211351,37.08444853,37.12753247,37.14286858,37.15223392,37.15664678,37.16523359,37.1738204
Sri Lanka,LKA,Annual deforestation (% of change) - (for online table only),0,0,0,0,0.381043924,0,0,0,0,0
Sri Lanka,LKA,Forest area (% of land area),33.62557806,33.70594801,33.78631797,33.86668793,34.39516585,34.34411,34.29305414,34.25804992,34.20697013,34.15589034
St. Kitts and Nevis,KNA,Annual deforestation (% of change) - (for online table only),0,0,0,0,0,0,0,0,0,0
St. Kitts and Nevis,KNA,Forest area (% of land area),42.30769231,42.30769231,42.30769231,42.30769231,42.30769231,42.30769231,42.30769231,42.30769231,42.30769231,42.30769231
St. Lucia,LCA,Annual deforestation (% of change) - (for online table only),0,0,0,0,0.288784185,0,0,0,0,0
St. Lucia,LCA,Forest area (% of land area),34.04918033,34.04918033,34.04918033,34.04918033,34.04918033,34.04918033,34.04918033,34.04918033,34.04918033,34.04918033
St. Martin (French part),MAF,Annual deforestation (% of change) - (for online table only),0,0,0,0,0,0,0,0,0,0
St. Martin (French part),MAF,Forest area (% of land area),24.8,24.8,24.8,24.8,24.8,24.8,24.8,24.8,24.8,24.8
St. Vincent and the Grenadines,VCT,Annual deforestation (% of change) - (for online table only),0,0,0,0,-0.25191897,0,0,0,0,0
St. Vincent and the Grenadines,VCT,Forest area (% of land area),73.17948718,73.17948718,73.17948718,73.17948718,73.17948718,73.17948718,73.17948718,73.17948718,73.17948718,73.17948718
Sub-Saharan Africa,SSF,Annual deforestation (% of change) - (for online table only),0,0,0,0,0.495260411,0,0,0,0,0
Sub-Saharan Africa,SSF,Forest area (% of land area),27.78515584,27.62104013,27.45692012,27.29284254,27.12867205,26.96045456,26.79560832,26.63086595,26.4618416,26.29447944
Sub-Saharan Africa (excluding high income),SSA,Annual deforestation (% of change) - (for online table only),0,0,0,0,0.494751694,0,0,0,0,0
Sub-Saharan Africa (excluding high income),SSA,Forest area (% of land area),27.78427883,27.62015995,27.45603678,27.29195604,27.12778238,26.95956165,26.79471222,26.62996668,26.46093907,26.29357368
Sub-Saharan Africa (IDA & IBRD),TSS,Annual deforestation (% of change) - (for online table only),0,0,0,0,0.495260411,0,0,0,0,0
Sub-Saharan Africa (IDA & IBRD),TSS,Forest area (% of land area),27.78515584,27.62104013,27.45692012,27.29284254,27.12867205,26.96045456,26.79560832,26.63086595,26.4618416,26.29447944
Sudan,SDN,Annual deforestation (% of change) - (for online table only),0,0,0,0,2.70466488,0,0,0,0,0
Sudan,SDN,Forest area (% of land area),10.76413572,10.66988676,10.57567675,10.48162009,10.3873888,10.30054938,10.20745857,10.11438946,10.02129144,9.928193419
Suriname,SUR,Annual deforestation (% of change) - (for online table only),0,0,0,0,0.025601892,0,0,0,0,0
Suriname,SUR,Forest area (% of land area),98.01424359,97.95246154,97.89067949,97.82889744,97.76711538,97.69435897,97.6475641,97.56910256,97.49057692,97.41211538
Sweden,SWE,Annual deforestation (% of change) - (for online table only),0,0,0,0,0.021336386,0,0,0,0,0
Sweden,SWE,Forest area (% of land area),68.36866988,68.82653312,68.78087102,68.74027154,68.69460607,68.69460607,68.69460607,68.69460607,68.69460607,68.69460607
Switzerland,CHE,Annual deforestation (% of change) - (for online table only),0,0,0,0,-0.327397627,0,0,0,0,0
Switzerland,CHE,Forest area (% of land area),31.33308027,31.420083,31.50708574,31.59408847,31.68106715,31.76812043,31.85517371,31.94222699,32.02928027,32.11633355
Syrian Arab Republic,SYR,Annual deforestation (% of change) - (for online table only),0,0,0,0,-0.857109257,0,0,0,0,0
Syrian Arab Republic,SYR,Forest area (% of land area),2.712410826,2.745085226,2.777759625,2.810434025,2.843108425,2.843108425,2.843108425,2.843108425,2.843108425,2.843108425
Tajikistan,TJK,Annual deforestation (% of change) - (for online table only),0,0,0,0,-0.032446527,0,0,0,0,0
Tajikistan,TJK,Forest area (% of land area),2.946270363,2.963132324,2.979994284,3.022206851,3.039123856,3.039123856,3.039123856,3.039123856,3.046328986,3.053534116
Tanzania,TZA,Annual deforestation (% of change) - (for online table only),0,0,0,0,0.795215816,0,0,0,0,0
Tanzania,TZA,Forest area (% of land area),55.96975389,55.54979228,55.12983066,54.70986904,54.28990743,53.76044254,53.23097765,52.70151276,52.17204787,51.64258298
Thailand,THA,Annual deforestation (% of change) - (for online table only),0,0,0,0,0.24396749,0,0,0,0,0
Thailand,THA,Forest area (% of land area),39.28556049,39.28086281,39.27616512,39.27146744,39.26676975,39.18064554,39.11018027,39.03971501,38.96924974,38.89878447
Timor-Leste,TLS,Annual deforestation (% of change) - (for online table only),0,0,0,0,1.449745611,0,0,0,0,0
Timor-Leste,TLS,Forest area (% of land area),62.79085407,62.69670477,62.60255548,62.50840619,62.41425689,62.3201076,62.24613315,62.13180901,62.03765972,61.94351042
Togo,TGO,Annual deforestation (% of change) - (for online table only),0,0,0,0,6.135485393,0,0,0,0,0
Togo,TGO,Forest area (% of land area),22.72311087,22.6686891,22.61426733,22.55984556,22.50542379,22.45100202,22.39658025,22.34215849,22.28773672,22.23331495
Tonga,TON,Annual deforestation (% of change) - (for online table only),0,0,0,0,0,0,0,0,0,0
Tonga,TON,Forest area (% of land area),12.43055556,12.43055556,12.43055556,12.43055556,12.43055556,12.43055556,12.43055556,12.43055556,12.43055556,12.43055556
Trinidad and Tobago,TTO,Annual deforestation (% of change) - (for online table only),0,0,0,0,-0.025070112,0,0,0,0,0
Trinidad and Tobago,TTO,Forest area (% of land area),45.2214425,45.13879142,45.05614035,44.97348928,44.89083821,44.80896686,44.72709552,44.64522417,44.56335283,44.48148148
Tunisia,TUN,Annual deforestation (% of change) - (for online table only),0,0,0,0,-1.464709922,0,0,0,0,0
Tunisia,TUN,Forest area (% of land area),4.434603502,4.444451596,4.454299691,4.464147786,4.473995881,4.483843975,4.49369207,4.503540165,4.51338826,4.523236354
Turkey,TUR,Annual deforestation (% of change) - (for online table only),0,0,0,0,-0.938714604,0,0,0,0,0
Turkey,TUR,Forest area (% of land area),27.53599002,27.67819342,27.82039681,27.96260021,28.10480361,28.10480361,28.26352923,28.4660941,28.6687889,28.8714837
Turkmenistan,TKM,Annual deforestation (% of change) - (for online table only),0,0,0,0,0,0,0,0,0,0
Turkmenistan,TKM,Forest area (% of land area),8.782159045,8.782159045,8.782159045,8.782159045,8.782159045,8.782159045,8.782159045,8.782159045,8.782159045,8.782159045
Turks and Caicos Islands,TCA,Annual deforestation (% of change) - (for online table only),0,0,0,0,0,0,0,0,0,0
Turks and Caicos Islands,TCA,Forest area (% of land area),11.07368421,11.07368421,11.07368421,11.07368421,11.07368421,11.07368421,11.07368421,11.07368421,11.07368421,11.07368421
Tuvalu,TUV,Annual deforestation (% of change) - (for online table only),0,0,0,0,0,0,0,0,0,0
Tuvalu,TUV,Forest area (% of land area),33.33333333,33.33333333,33.33333333,33.33333333,33.33333333,33.33333333,33.33333333,33.33333333,33.33333333,33.33333333
Uganda,UGA,Annual deforestation (% of change) - (for online table only),0,0,0,0,4.062326083,0,0,0,0,0
Uganda,UGA,Forest area (% of land area),13.51071215,13.30498703,13.09926192,12.8935368,12.68781169,12.48209655,12.27638141,12.07066627,11.86490126,11.65918612
Ukraine,UKR,Annual deforestation (% of change) - (for online table only),0,0,0,0,-0.102313401,0,0,0,0,0
Ukraine,UKR,Forest area (% of land area),16.5190223,16.55665263,16.59428295,16.6327746,16.67040688,16.68249064,16.69428621,16.70348637,16.71384191,16.72419745
United Arab Emirates,ARE,Annual deforestation (% of change) - (for online table only),0,0,0,0,-0.265958833,0,0,0,0,0
United Arab Emirates,ARE,Forest area (% of land area),4.467755562,4.467755562,4.467755562,4.467755562,4.467755562,4.467755562,4.467755562,4.467755562,4.467755562,4.467755562
United Kingdom,GBR,Annual deforestation (% of change) - (for online table only),0,0,0,0,-0.416435965,0,0,0,0,0
United Kingdom,GBR,Forest area (% of land area),12.72351507,12.80287687,12.88223866,12.96160046,13.04096226,13.05749597,13.07816311,13.11536395,13.15256479,13.18563221
United States,USA,Annual deforestation (% of change) - (for online table only),0,0,0,0,-0.14262483,0,0,0,0,0
United States,USA,Forest area (% of land area),33.77947006,33.80953318,33.8395963,33.86965942,33.89972254,33.89972254,33.86692641,33.86692641,33.86692641,33.86692641
Uruguay,URY,Annual deforestation (% of change) - (for online table only),0,0,0,0,-2.005767449,0,0,0,0,0
Uruguay,URY,Forest area (% of land area),10.10764484,10.32327734,10.53890984,10.75454234,10.97017484,11.12444292,11.24442921,11.3644155,11.48440178,11.60438807
Uzbekistan,UZB,Annual deforestation (% of change) - (for online table only),0,0,0,0,-0.016378055,0,0,0,0,0
Uzbekistan,UZB,Forest area (% of land area),7.96793606,8.06187118,8.1558063,8.24974142,8.055997512,8.13980408,8.198462506,8.257720375,8.316373665,8.375026955
Vanuatu,VUT,Annual deforestation (% of change) - (for online table only),0,0,0,0,0,0,0,0,0,0
Vanuatu,VUT,Forest area (% of land area),36.28383921,36.28383921,36.28383921,36.28383921,36.28383921,36.28383921,36.28383921,36.28383921,36.28383921,36.28383921
"Venezuela, RB",VEN,Annual deforestation (% of change) - (for online table only),0,0,0,0,0.342858358,0,0,0,0,0
"Venezuela, RB",VEN,Forest area (% of land area),53.67110708,53.48472309,53.2983391,53.1119551,52.92557111,52.76714472,52.63667593,52.53416473,52.45961113,52.41301514
Vietnam,VNM,Annual deforestation (% of change) - (for online table only),0,0,0,0,-1.551291618,0,0,0,0,0
Vietnam,VNM,Forest area (% of land area),43.61215209,44.04676363,44.48137517,44.91598671,45.35059825,46.36914245,46.49076015,46.73554359,46.98032702,47.22511046
Virgin Islands (U.S.),VIR,Annual deforestation (% of change) - (for online table only),0,0,0,0,1.002022614,0,0,0,0,0
Virgin Islands (U.S.),VIR,Forest area (% of land area),53.07428571,53.49142857,53.90857143,54.32571429,54.74285714,55.17142857,55.6,56.02857143,56.45714286,56.88571429
West Bank and Gaza,PSE,Annual deforestation (% of change) - (for online table only),0,0,0,0,-0.06577558,0,0,0,0,0
West Bank and Gaza,PSE,Forest area (% of land area),1.523255827,1.523255827,1.523255827,1.523255827,1.684385382,1.684385382,1.684385382,1.684385382,1.684385382,1.684385382
"Yemen, Rep.",YEM,Annual deforestation (% of change) - (for online table only),0,0,0,0,0,0,0,0,0,0
"Yemen, Rep.",YEM,Forest area (% of land area),1.039831809,1.039831809,1.039831809,1.039831809,1.039831809,1.039831809,1.039831809,1.039831809,1.039831809,1.039831809
Zambia,ZMB,Annual deforestation (% of change) - (for online table only),0,0,0,0,0.333484047,0,0,0,0,0
Zambia,ZMB,Forest area (% of land area),62.56180471,62.30866705,62.0555294,61.80239175,61.54925409,61.29595502,61.04288462,60.78970661,60.53651515,60.28333714
Zimbabwe,ZWE,Annual deforestation (% of change) - (for online table only),0,0,0,0,1.94986134,0,0,0,0,0
Zimbabwe,ZWE,Forest area (% of land area),46.16572315,46.04663306,45.92754298,45.80845289,45.6893628,45.57027272,45.45118263,45.33209254,45.21300246,45.09391237
